Workbook
Name 标准表: 标准与参数!$A$3:$I$51
Name 城市等级表: 标准与参数!$K$3:$L$52
Name 国际地点: 标准与参数!$B$8:$B$51
Name 国内地点: 标准与参数!$K$3:$K$52
Name 十二小时: 标准与参数!$O$5
Name 十小时: 标准与参数!$O$5
Name 市内地点: 标准与参数!$B$3:$B$4
Name 晚起始: 标准与参数!$O$4
Name 午起始: 标准与参数!$O$3
Name 早截止: 标准与参数!$O$2

Sheet 申请明细
A1: 误餐补贴申请明细表（BẢNG KÊ PHỤ CẤP TIỀN ĂN）
A2: 申请人 Người đề nghị | B2: 赵毓钊 | C2: 员工编号 Mã nhân viên | D2: 26070326 | E2: 部门 Bộ phận | F2: 财务部 Phòng Tài chính | G2: 职级 Cấp bậc | H2: 经理 Quản lý
A3: 出差类别 Loại công tác | B3: 国内 Trong nước | C3: 出差地点 Địa điểm công tác | D3: Hà Nội（河内）核心区 | E3: 等级/档位 Cấp/mức | F3: =IF($B$3="","",IF(LEFT($B$3,FIND(CHAR(10),$B$3&CHAR(10))-1)="市内",$D$3,IF(LEFT($B$3,FIND(CHAR(10),$B$3&CHAR(10))-1)="国内",IFERROR(VLOOKUP($D$3,城市等级表,2,FALSE),""),$D$3))) -> 一类城市 Thành phố loại I | G3: 币别 Loại tiền tệ | H3: =IF(LEFT($B$3,FIND(CHAR(10),$B$3&CHAR(10))-1)="国际","USD","VND") -> VND
A5: 误餐补贴申请明细（按出差日期逐行填写） Chi tiết đề nghị phụ cấp tiền ăn (điền từng dòng theo ngày công tác)
A6: 日期 Ngày | B6: 出发时间 Giờ xuất phát | C6: 返岗时间 Giờ trở lại làm việc | D6: 在外时长(h) Thời gian bên ngoài (giờ) | E6: 早餐标准 Mức bữa sáng | F6: 午餐标准 Mức bữa trưa | G6: 晚餐标准 Mức bữa tối | H6: 是否招待 Có được chiêu đãi | I6: 早餐实报 Mức thanh toán bữa sáng | J6: 午餐实报 Mức thanh toán bữa trưa | K6: 晚餐实报 Mức thanh toán bữa tối | L6: 当日合计 Tổng trong ngày | M6: 备注 Ghi chú
A7: 2026/8/5 | B7: 0.75 | C7: 0.83333333 | D7: =IF(OR($B7="",$C7=""),"",($C7-$B7+IF($C7<$B7,1,0))*24) -> 2 | E7: =IF($B7="","",IFERROR(VLOOKUP(LEFT($B$3,FIND(CHAR(10),$B$3&CHAR(10))-1)&LEFT($F$3,FIND(CHAR(10),$F$3&CHAR(10))-1)&CHAR(10)&MID($B$3,FIND(CHAR(10),$B$3&CHAR(10))+1,999)&" - "&MID($F$3,FIND(CHAR(10),$F$3&CHAR(10))+1,999),标准与参数!$C$2:$H$51,2,FALSE),"")) -> 80000 | F7: =IF($B7="","",IFERROR(VLOOKUP(LEFT($B$3,FIND(CHAR(10),$B$3&CHAR(10))-1)&LEFT($F$3,FIND(CHAR(10),$F$3&CHAR(10))-1)&CHAR(10)&MID($B$3,FIND(CHAR(10),$B$3&CHAR(10))+1,999)&" - "&MID($F$3,FIND(CHAR(10),$F$3&CHAR(10))+1,999),标准与参数!$C$2:$H$51,3,FALSE),"")) -> 160000 | G7: =IF($B7="","",IFERROR(VLOOKUP(LEFT($B$3,FIND(CHAR(10),$B$3&CHAR(10))-1)&LEFT($F$3,FIND(CHAR(10),$F$3&CHAR(10))-1)&CHAR(10)&MID($B$3,FIND(CHAR(10),$B$3&CHAR(10))+1,999)&" - "&MID($F$3,FIND(CHAR(10),$F$3&CHAR(10))+1,999),标准与参数!$C$2:$H$51,4,FALSE),"")) -> 160000 | H7: 无 Không | I7: =IF($B7="","",IF(ISNUMBER(FIND("早餐",$H7)),0,IF($D7>十二小时,$E7,IF($B7<=早截止,$E7,0)))) -> 0 | J7: =IF($B7="","",IF(ISNUMBER(FIND("午餐",$H7)),0,IF($D7>十二小时,$F7,IF($C7>=午起始,$F7,0)))) -> 160000 | K7: =IF($B7="","",IF(ISNUMBER(FIND("晚餐",$H7)),0,IF($D7>十二小时,$G7,IF($C7>=晚起始,$G7,0)))) -> 160000 | L7: =IF($B7="","",$I7+$J7+$K7) -> 320000 | M7: 示例：9:00出发-14:00返回→早餐不可报(超8:00)、午餐可报、晚餐不可报(14:00<17:00)。示例行删除即可。 Ví dụ: Xuất phát lúc 9:00, trở về lúc 14:00 → không được thanh toán bữa sáng (sau 8:00), được thanh toán bữa trưa, không được thanh toán bữa tối (14:00 < 17:00). Có thể xóa dòng ví dụ này.
D8: =IF(OR($B8="",$C8=""),"",($C8-$B8+IF($C8<$B8,1,0))*24) | E8: =IF($B8="","",IFERROR(VLOOKUP(LEFT($B$3,FIND(CHAR(10),$B$3&CHAR(10))-1)&LEFT($F$3,FIND(CHAR(10),$F$3&CHAR(10))-1)&CHAR(10)&MID($B$3,FIND(CHAR(10),$B$3&CHAR(10))+1,999)&" - "&MID($F$3,FIND(CHAR(10),$F$3&CHAR(10))+1,999),标准与参数!$C$2:$H$51,2,FALSE),"")) | F8: =IF($B8="","",IFERROR(VLOOKUP(LEFT($B$3,FIND(CHAR(10),$B$3&CHAR(10))-1)&LEFT($F$3,FIND(CHAR(10),$F$3&CHAR(10))-1)&CHAR(10)&MID($B$3,FIND(CHAR(10),$B$3&CHAR(10))+1,999)&" - "&MID($F$3,FIND(CHAR(10),$F$3&CHAR(10))+1,999),标准与参数!$C$2:$H$51,3,FALSE),"")) | G8: =IF($B8="","",IFERROR(VLOOKUP(LEFT($B$3,FIND(CHAR(10),$B$3&CHAR(10))-1)&LEFT($F$3,FIND(CHAR(10),$F$3&CHAR(10))-1)&CHAR(10)&MID($B$3,FIND(CHAR(10),$B$3&CHAR(10))+1,999)&" - "&MID($F$3,FIND(CHAR(10),$F$3&CHAR(10))+1,999),标准与参数!$C$2:$H$51,4,FALSE),"")) | I8: =IF($B8="","",IF(ISNUMBER(FIND("早餐",$H8)),0,IF($D8>十二小时,$E8,IF($B8<=早截止,$E8,0)))) | J8: =IF($B8="","",IF(ISNUMBER(FIND("午餐",$H8)),0,IF($D8>十二小时,$F8,IF($C8>=午起始,$F8,0)))) | K8: =IF($B8="","",IF(ISNUMBER(FIND("晚餐",$H8)),0,IF($D8>十二小时,$G8,IF($C8>=晚起始,$G8,0)))) | L8: =IF($B8="","",$I8+$J8+$K8)
D9: =IF(OR($B9="",$C9=""),"",($C9-$B9+IF($C9<$B9,1,0))*24) | E9: =IF($B9="","",IFERROR(VLOOKUP(LEFT($B$3,FIND(CHAR(10),$B$3&CHAR(10))-1)&LEFT($F$3,FIND(CHAR(10),$F$3&CHAR(10))-1)&CHAR(10)&MID($B$3,FIND(CHAR(10),$B$3&CHAR(10))+1,999)&" - "&MID($F$3,FIND(CHAR(10),$F$3&CHAR(10))+1,999),标准与参数!$C$2:$H$51,2,FALSE),"")) | F9: =IF($B9="","",IFERROR(VLOOKUP(LEFT($B$3,FIND(CHAR(10),$B$3&CHAR(10))-1)&LEFT($F$3,FIND(CHAR(10),$F$3&CHAR(10))-1)&CHAR(10)&MID($B$3,FIND(CHAR(10),$B$3&CHAR(10))+1,999)&" - "&MID($F$3,FIND(CHAR(10),$F$3&CHAR(10))+1,999),标准与参数!$C$2:$H$51,3,FALSE),"")) | G9: =IF($B9="","",IFERROR(VLOOKUP(LEFT($B$3,FIND(CHAR(10),$B$3&CHAR(10))-1)&LEFT($F$3,FIND(CHAR(10),$F$3&CHAR(10))-1)&CHAR(10)&MID($B$3,FIND(CHAR(10),$B$3&CHAR(10))+1,999)&" - "&MID($F$3,FIND(CHAR(10),$F$3&CHAR(10))+1,999),标准与参数!$C$2:$H$51,4,FALSE),"")) | I9: =IF($B9="","",IF(ISNUMBER(FIND("早餐",$H9)),0,IF($D9>十二小时,$E9,IF($B9<=早截止,$E9,0)))) | J9: =IF($B9="","",IF(ISNUMBER(FIND("午餐",$H9)),0,IF($D9>十二小时,$F9,IF($C9>=午起始,$F9,0)))) | K9: =IF($B9="","",IF(ISNUMBER(FIND("晚餐",$H9)),0,IF($D9>十二小时,$G9,IF($C9>=晚起始,$G9,0)))) | L9: =IF($B9="","",$I9+$J9+$K9)
D10: =IF(OR($B10="",$C10=""),"",($C10-$B10+IF($C10<$B10,1,0))*24) | E10: =IF($B10="","",IFERROR(VLOOKUP(LEFT($B$3,FIND(CHAR(10),$B$3&CHAR(10))-1)&LEFT($F$3,FIND(CHAR(10),$F$3&CHAR(10))-1)&CHAR(10)&MID($B$3,FIND(CHAR(10),$B$3&CHAR(10))+1,999)&" - "&MID($F$3,FIND(CHAR(10),$F$3&CHAR(10))+1,999),标准与参数!$C$2:$H$51,2,FALSE),"")) | F10: =IF($B10="","",IFERROR(VLOOKUP(LEFT($B$3,FIND(CHAR(10),$B$3&CHAR(10))-1)&LEFT($F$3,FIND(CHAR(10),$F$3&CHAR(10))-1)&CHAR(10)&MID($B$3,FIND(CHAR(10),$B$3&CHAR(10))+1,999)&" - "&MID($F$3,FIND(CHAR(10),$F$3&CHAR(10))+1,999),标准与参数!$C$2:$H$51,3,FALSE),"")) | G10: =IF($B10="","",IFERROR(VLOOKUP(LEFT($B$3,FIND(CHAR(10),$B$3&CHAR(10))-1)&LEFT($F$3,FIND(CHAR(10),$F$3&CHAR(10))-1)&CHAR(10)&MID($B$3,FIND(CHAR(10),$B$3&CHAR(10))+1,999)&" - "&MID($F$3,FIND(CHAR(10),$F$3&CHAR(10))+1,999),标准与参数!$C$2:$H$51,4,FALSE),"")) | I10: =IF($B10="","",IF(ISNUMBER(FIND("早餐",$H10)),0,IF($D10>十二小时,$E10,IF($B10<=早截止,$E10,0)))) | J10: =IF($B10="","",IF(ISNUMBER(FIND("午餐",$H10)),0,IF($D10>十二小时,$F10,IF($C10>=午起始,$F10,0)))) | K10: =IF($B10="","",IF(ISNUMBER(FIND("晚餐",$H10)),0,IF($D10>十二小时,$G10,IF($C10>=晚起始,$G10,0)))) | L10: =IF($B10="","",$I10+$J10+$K10)
D11: =IF(OR($B11="",$C11=""),"",($C11-$B11+IF($C11<$B11,1,0))*24) | E11: =IF($B11="","",IFERROR(VLOOKUP(LEFT($B$3,FIND(CHAR(10),$B$3&CHAR(10))-1)&LEFT($F$3,FIND(CHAR(10),$F$3&CHAR(10))-1)&CHAR(10)&MID($B$3,FIND(CHAR(10),$B$3&CHAR(10))+1,999)&" - "&MID($F$3,FIND(CHAR(10),$F$3&CHAR(10))+1,999),标准与参数!$C$2:$H$51,2,FALSE),"")) | F11: =IF($B11="","",IFERROR(VLOOKUP(LEFT($B$3,FIND(CHAR(10),$B$3&CHAR(10))-1)&LEFT($F$3,FIND(CHAR(10),$F$3&CHAR(10))-1)&CHAR(10)&MID($B$3,FIND(CHAR(10),$B$3&CHAR(10))+1,999)&" - "&MID($F$3,FIND(CHAR(10),$F$3&CHAR(10))+1,999),标准与参数!$C$2:$H$51,3,FALSE),"")) | G11: =IF($B11="","",IFERROR(VLOOKUP(LEFT($B$3,FIND(CHAR(10),$B$3&CHAR(10))-1)&LEFT($F$3,FIND(CHAR(10),$F$3&CHAR(10))-1)&CHAR(10)&MID($B$3,FIND(CHAR(10),$B$3&CHAR(10))+1,999)&" - "&MID($F$3,FIND(CHAR(10),$F$3&CHAR(10))+1,999),标准与参数!$C$2:$H$51,4,FALSE),"")) | I11: =IF($B11="","",IF(ISNUMBER(FIND("早餐",$H11)),0,IF($D11>十二小时,$E11,IF($B11<=早截止,$E11,0)))) | J11: =IF($B11="","",IF(ISNUMBER(FIND("午餐",$H11)),0,IF($D11>十二小时,$F11,IF($C11>=午起始,$F11,0)))) | K11: =IF($B11="","",IF(ISNUMBER(FIND("晚餐",$H11)),0,IF($D11>十二小时,$G11,IF($C11>=晚起始,$G11,0)))) | L11: =IF($B11="","",$I11+$J11+$K11)
D12: =IF(OR($B12="",$C12=""),"",($C12-$B12+IF($C12<$B12,1,0))*24) | E12: =IF($B12="","",IFERROR(VLOOKUP(LEFT($B$3,FIND(CHAR(10),$B$3&CHAR(10))-1)&LEFT($F$3,FIND(CHAR(10),$F$3&CHAR(10))-1)&CHAR(10)&MID($B$3,FIND(CHAR(10),$B$3&CHAR(10))+1,999)&" - "&MID($F$3,FIND(CHAR(10),$F$3&CHAR(10))+1,999),标准与参数!$C$2:$H$51,2,FALSE),"")) | F12: =IF($B12="","",IFERROR(VLOOKUP(LEFT($B$3,FIND(CHAR(10),$B$3&CHAR(10))-1)&LEFT($F$3,FIND(CHAR(10),$F$3&CHAR(10))-1)&CHAR(10)&MID($B$3,FIND(CHAR(10),$B$3&CHAR(10))+1,999)&" - "&MID($F$3,FIND(CHAR(10),$F$3&CHAR(10))+1,999),标准与参数!$C$2:$H$51,3,FALSE),"")) | G12: =IF($B12="","",IFERROR(VLOOKUP(LEFT($B$3,FIND(CHAR(10),$B$3&CHAR(10))-1)&LEFT($F$3,FIND(CHAR(10),$F$3&CHAR(10))-1)&CHAR(10)&MID($B$3,FIND(CHAR(10),$B$3&CHAR(10))+1,999)&" - "&MID($F$3,FIND(CHAR(10),$F$3&CHAR(10))+1,999),标准与参数!$C$2:$H$51,4,FALSE),"")) | I12: =IF($B12="","",IF(ISNUMBER(FIND("早餐",$H12)),0,IF($D12>十二小时,$E12,IF($B12<=早截止,$E12,0)))) | J12: =IF($B12="","",IF(ISNUMBER(FIND("午餐",$H12)),0,IF($D12>十二小时,$F12,IF($C12>=午起始,$F12,0)))) | K12: =IF($B12="","",IF(ISNUMBER(FIND("晚餐",$H12)),0,IF($D12>十二小时,$G12,IF($C12>=晚起始,$G12,0)))) | L12: =IF($B12="","",$I12+$J12+$K12)
D13: =IF(OR($B13="",$C13=""),"",($C13-$B13+IF($C13<$B13,1,0))*24) | E13: =IF($B13="","",IFERROR(VLOOKUP(LEFT($B$3,FIND(CHAR(10),$B$3&CHAR(10))-1)&LEFT($F$3,FIND(CHAR(10),$F$3&CHAR(10))-1)&CHAR(10)&MID($B$3,FIND(CHAR(10),$B$3&CHAR(10))+1,999)&" - "&MID($F$3,FIND(CHAR(10),$F$3&CHAR(10))+1,999),标准与参数!$C$2:$H$51,2,FALSE),"")) | F13: =IF($B13="","",IFERROR(VLOOKUP(LEFT($B$3,FIND(CHAR(10),$B$3&CHAR(10))-1)&LEFT($F$3,FIND(CHAR(10),$F$3&CHAR(10))-1)&CHAR(10)&MID($B$3,FIND(CHAR(10),$B$3&CHAR(10))+1,999)&" - "&MID($F$3,FIND(CHAR(10),$F$3&CHAR(10))+1,999),标准与参数!$C$2:$H$51,3,FALSE),"")) | G13: =IF($B13="","",IFERROR(VLOOKUP(LEFT($B$3,FIND(CHAR(10),$B$3&CHAR(10))-1)&LEFT($F$3,FIND(CHAR(10),$F$3&CHAR(10))-1)&CHAR(10)&MID($B$3,FIND(CHAR(10),$B$3&CHAR(10))+1,999)&" - "&MID($F$3,FIND(CHAR(10),$F$3&CHAR(10))+1,999),标准与参数!$C$2:$H$51,4,FALSE),"")) | I13: =IF($B13="","",IF(ISNUMBER(FIND("早餐",$H13)),0,IF($D13>十二小时,$E13,IF($B13<=早截止,$E13,0)))) | J13: =IF($B13="","",IF(ISNUMBER(FIND("午餐",$H13)),0,IF($D13>十二小时,$F13,IF($C13>=午起始,$F13,0)))) | K13: =IF($B13="","",IF(ISNUMBER(FIND("晚餐",$H13)),0,IF($D13>十二小时,$G13,IF($C13>=晚起始,$G13,0)))) | L13: =IF($B13="","",$I13+$J13+$K13)
D14: =IF(OR($B14="",$C14=""),"",($C14-$B14+IF($C14<$B14,1,0))*24) | E14: =IF($B14="","",IFERROR(VLOOKUP(LEFT($B$3,FIND(CHAR(10),$B$3&CHAR(10))-1)&LEFT($F$3,FIND(CHAR(10),$F$3&CHAR(10))-1)&CHAR(10)&MID($B$3,FIND(CHAR(10),$B$3&CHAR(10))+1,999)&" - "&MID($F$3,FIND(CHAR(10),$F$3&CHAR(10))+1,999),标准与参数!$C$2:$H$51,2,FALSE),"")) | F14: =IF($B14="","",IFERROR(VLOOKUP(LEFT($B$3,FIND(CHAR(10),$B$3&CHAR(10))-1)&LEFT($F$3,FIND(CHAR(10),$F$3&CHAR(10))-1)&CHAR(10)&MID($B$3,FIND(CHAR(10),$B$3&CHAR(10))+1,999)&" - "&MID($F$3,FIND(CHAR(10),$F$3&CHAR(10))+1,999),标准与参数!$C$2:$H$51,3,FALSE),"")) | G14: =IF($B14="","",IFERROR(VLOOKUP(LEFT($B$3,FIND(CHAR(10),$B$3&CHAR(10))-1)&LEFT($F$3,FIND(CHAR(10),$F$3&CHAR(10))-1)&CHAR(10)&MID($B$3,FIND(CHAR(10),$B$3&CHAR(10))+1,999)&" - "&MID($F$3,FIND(CHAR(10),$F$3&CHAR(10))+1,999),标准与参数!$C$2:$H$51,4,FALSE),"")) | I14: =IF($B14="","",IF(ISNUMBER(FIND("早餐",$H14)),0,IF($D14>十二小时,$E14,IF($B14<=早截止,$E14,0)))) | J14: =IF($B14="","",IF(ISNUMBER(FIND("午餐",$H14)),0,IF($D14>十二小时,$F14,IF($C14>=午起始,$F14,0)))) | K14: =IF($B14="","",IF(ISNUMBER(FIND("晚餐",$H14)),0,IF($D14>十二小时,$G14,IF($C14>=晚起始,$G14,0)))) | L14: =IF($B14="","",$I14+$J14+$K14)
D15: =IF(OR($B15="",$C15=""),"",($C15-$B15+IF($C15<$B15,1,0))*24) | E15: =IF($B15="","",IFERROR(VLOOKUP(LEFT($B$3,FIND(CHAR(10),$B$3&CHAR(10))-1)&LEFT($F$3,FIND(CHAR(10),$F$3&CHAR(10))-1)&CHAR(10)&MID($B$3,FIND(CHAR(10),$B$3&CHAR(10))+1,999)&" - "&MID($F$3,FIND(CHAR(10),$F$3&CHAR(10))+1,999),标准与参数!$C$2:$H$51,2,FALSE),"")) | F15: =IF($B15="","",IFERROR(VLOOKUP(LEFT($B$3,FIND(CHAR(10),$B$3&CHAR(10))-1)&LEFT($F$3,FIND(CHAR(10),$F$3&CHAR(10))-1)&CHAR(10)&MID($B$3,FIND(CHAR(10),$B$3&CHAR(10))+1,999)&" - "&MID($F$3,FIND(CHAR(10),$F$3&CHAR(10))+1,999),标准与参数!$C$2:$H$51,3,FALSE),"")) | G15: =IF($B15="","",IFERROR(VLOOKUP(LEFT($B$3,FIND(CHAR(10),$B$3&CHAR(10))-1)&LEFT($F$3,FIND(CHAR(10),$F$3&CHAR(10))-1)&CHAR(10)&MID($B$3,FIND(CHAR(10),$B$3&CHAR(10))+1,999)&" - "&MID($F$3,FIND(CHAR(10),$F$3&CHAR(10))+1,999),标准与参数!$C$2:$H$51,4,FALSE),"")) | I15: =IF($B15="","",IF(ISNUMBER(FIND("早餐",$H15)),0,IF($D15>十二小时,$E15,IF($B15<=早截止,$E15,0)))) | J15: =IF($B15="","",IF(ISNUMBER(FIND("午餐",$H15)),0,IF($D15>十二小时,$F15,IF($C15>=午起始,$F15,0)))) | K15: =IF($B15="","",IF(ISNUMBER(FIND("晚餐",$H15)),0,IF($D15>十二小时,$G15,IF($C15>=晚起始,$G15,0)))) | L15: =IF($B15="","",$I15+$J15+$K15)
D16: =IF(OR($B16="",$C16=""),"",($C16-$B16+IF($C16<$B16,1,0))*24) | E16: =IF($B16="","",IFERROR(VLOOKUP(LEFT($B$3,FIND(CHAR(10),$B$3&CHAR(10))-1)&LEFT($F$3,FIND(CHAR(10),$F$3&CHAR(10))-1)&CHAR(10)&MID($B$3,FIND(CHAR(10),$B$3&CHAR(10))+1,999)&" - "&MID($F$3,FIND(CHAR(10),$F$3&CHAR(10))+1,999),标准与参数!$C$2:$H$51,2,FALSE),"")) | F16: =IF($B16="","",IFERROR(VLOOKUP(LEFT($B$3,FIND(CHAR(10),$B$3&CHAR(10))-1)&LEFT($F$3,FIND(CHAR(10),$F$3&CHAR(10))-1)&CHAR(10)&MID($B$3,FIND(CHAR(10),$B$3&CHAR(10))+1,999)&" - "&MID($F$3,FIND(CHAR(10),$F$3&CHAR(10))+1,999),标准与参数!$C$2:$H$51,3,FALSE),"")) | G16: =IF($B16="","",IFERROR(VLOOKUP(LEFT($B$3,FIND(CHAR(10),$B$3&CHAR(10))-1)&LEFT($F$3,FIND(CHAR(10),$F$3&CHAR(10))-1)&CHAR(10)&MID($B$3,FIND(CHAR(10),$B$3&CHAR(10))+1,999)&" - "&MID($F$3,FIND(CHAR(10),$F$3&CHAR(10))+1,999),标准与参数!$C$2:$H$51,4,FALSE),"")) | I16: =IF($B16="","",IF(ISNUMBER(FIND("早餐",$H16)),0,IF($D16>十二小时,$E16,IF($B16<=早截止,$E16,0)))) | J16: =IF($B16="","",IF(ISNUMBER(FIND("午餐",$H16)),0,IF($D16>十二小时,$F16,IF($C16>=午起始,$F16,0)))) | K16: =IF($B16="","",IF(ISNUMBER(FIND("晚餐",$H16)),0,IF($D16>十二小时,$G16,IF($C16>=晚起始,$G16,0)))) | L16: =IF($B16="","",$I16+$J16+$K16)
D17: =IF(OR($B17="",$C17=""),"",($C17-$B17+IF($C17<$B17,1,0))*24) | E17: =IF($B17="","",IFERROR(VLOOKUP(LEFT($B$3,FIND(CHAR(10),$B$3&CHAR(10))-1)&LEFT($F$3,FIND(CHAR(10),$F$3&CHAR(10))-1)&CHAR(10)&MID($B$3,FIND(CHAR(10),$B$3&CHAR(10))+1,999)&" - "&MID($F$3,FIND(CHAR(10),$F$3&CHAR(10))+1,999),标准与参数!$C$2:$H$51,2,FALSE),"")) | F17: =IF($B17="","",IFERROR(VLOOKUP(LEFT($B$3,FIND(CHAR(10),$B$3&CHAR(10))-1)&LEFT($F$3,FIND(CHAR(10),$F$3&CHAR(10))-1)&CHAR(10)&MID($B$3,FIND(CHAR(10),$B$3&CHAR(10))+1,999)&" - "&MID($F$3,FIND(CHAR(10),$F$3&CHAR(10))+1,999),标准与参数!$C$2:$H$51,3,FALSE),"")) | G17: =IF($B17="","",IFERROR(VLOOKUP(LEFT($B$3,FIND(CHAR(10),$B$3&CHAR(10))-1)&LEFT($F$3,FIND(CHAR(10),$F$3&CHAR(10))-1)&CHAR(10)&MID($B$3,FIND(CHAR(10),$B$3&CHAR(10))+1,999)&" - "&MID($F$3,FIND(CHAR(10),$F$3&CHAR(10))+1,999),标准与参数!$C$2:$H$51,4,FALSE),"")) | I17: =IF($B17="","",IF(ISNUMBER(FIND("早餐",$H17)),0,IF($D17>十二小时,$E17,IF($B17<=早截止,$E17,0)))) | J17: =IF($B17="","",IF(ISNUMBER(FIND("午餐",$H17)),0,IF($D17>十二小时,$F17,IF($C17>=午起始,$F17,0)))) | K17: =IF($B17="","",IF(ISNUMBER(FIND("晚餐",$H17)),0,IF($D17>十二小时,$G17,IF($C17>=晚起始,$G17,0)))) | L17: =IF($B17="","",$I17+$J17+$K17)
D18: =IF(OR($B18="",$C18=""),"",($C18-$B18+IF($C18<$B18,1,0))*24) | E18: =IF($B18="","",IFERROR(VLOOKUP(LEFT($B$3,FIND(CHAR(10),$B$3&CHAR(10))-1)&LEFT($F$3,FIND(CHAR(10),$F$3&CHAR(10))-1)&CHAR(10)&MID($B$3,FIND(CHAR(10),$B$3&CHAR(10))+1,999)&" - "&MID($F$3,FIND(CHAR(10),$F$3&CHAR(10))+1,999),标准与参数!$C$2:$H$51,2,FALSE),"")) | F18: =IF($B18="","",IFERROR(VLOOKUP(LEFT($B$3,FIND(CHAR(10),$B$3&CHAR(10))-1)&LEFT($F$3,FIND(CHAR(10),$F$3&CHAR(10))-1)&CHAR(10)&MID($B$3,FIND(CHAR(10),$B$3&CHAR(10))+1,999)&" - "&MID($F$3,FIND(CHAR(10),$F$3&CHAR(10))+1,999),标准与参数!$C$2:$H$51,3,FALSE),"")) | G18: =IF($B18="","",IFERROR(VLOOKUP(LEFT($B$3,FIND(CHAR(10),$B$3&CHAR(10))-1)&LEFT($F$3,FIND(CHAR(10),$F$3&CHAR(10))-1)&CHAR(10)&MID($B$3,FIND(CHAR(10),$B$3&CHAR(10))+1,999)&" - "&MID($F$3,FIND(CHAR(10),$F$3&CHAR(10))+1,999),标准与参数!$C$2:$H$51,4,FALSE),"")) | I18: =IF($B18="","",IF(ISNUMBER(FIND("早餐",$H18)),0,IF($D18>十二小时,$E18,IF($B18<=早截止,$E18,0)))) | J18: =IF($B18="","",IF(ISNUMBER(FIND("午餐",$H18)),0,IF($D18>十二小时,$F18,IF($C18>=午起始,$F18,0)))) | K18: =IF($B18="","",IF(ISNUMBER(FIND("晚餐",$H18)),0,IF($D18>十二小时,$G18,IF($C18>=晚起始,$G18,0)))) | L18: =IF($B18="","",$I18+$J18+$K18)
D19: =IF(OR($B19="",$C19=""),"",($C19-$B19+IF($C19<$B19,1,0))*24) | E19: =IF($B19="","",IFERROR(VLOOKUP(LEFT($B$3,FIND(CHAR(10),$B$3&CHAR(10))-1)&LEFT($F$3,FIND(CHAR(10),$F$3&CHAR(10))-1)&CHAR(10)&MID($B$3,FIND(CHAR(10),$B$3&CHAR(10))+1,999)&" - "&MID($F$3,FIND(CHAR(10),$F$3&CHAR(10))+1,999),标准与参数!$C$2:$H$51,2,FALSE),"")) | F19: =IF($B19="","",IFERROR(VLOOKUP(LEFT($B$3,FIND(CHAR(10),$B$3&CHAR(10))-1)&LEFT($F$3,FIND(CHAR(10),$F$3&CHAR(10))-1)&CHAR(10)&MID($B$3,FIND(CHAR(10),$B$3&CHAR(10))+1,999)&" - "&MID($F$3,FIND(CHAR(10),$F$3&CHAR(10))+1,999),标准与参数!$C$2:$H$51,3,FALSE),"")) | G19: =IF($B19="","",IFERROR(VLOOKUP(LEFT($B$3,FIND(CHAR(10),$B$3&CHAR(10))-1)&LEFT($F$3,FIND(CHAR(10),$F$3&CHAR(10))-1)&CHAR(10)&MID($B$3,FIND(CHAR(10),$B$3&CHAR(10))+1,999)&" - "&MID($F$3,FIND(CHAR(10),$F$3&CHAR(10))+1,999),标准与参数!$C$2:$H$51,4,FALSE),"")) | I19: =IF($B19="","",IF(ISNUMBER(FIND("早餐",$H19)),0,IF($D19>十二小时,$E19,IF($B19<=早截止,$E19,0)))) | J19: =IF($B19="","",IF(ISNUMBER(FIND("午餐",$H19)),0,IF($D19>十二小时,$F19,IF($C19>=午起始,$F19,0)))) | K19: =IF($B19="","",IF(ISNUMBER(FIND("晚餐",$H19)),0,IF($D19>十二小时,$G19,IF($C19>=晚起始,$G19,0)))) | L19: =IF($B19="","",$I19+$J19+$K19)
A20: 汇总（按币别） Tổng hợp (theo loại tiền tệ) | K20: VND 合计(₫） Tổng VND (₫) | L20: =IF(H3="VND",SUM($L$7:$L$15),SUM(L7:L15)*26300) -> 320000
A21: 合规声明：①本人确认本次申报的误餐补贴与实际出差行程一致，同一餐次未重复报销业务招待费/未领取公司供餐/无被招待情形；如有虚报、多报，自愿按《越南差旅费管理办法》第5条接受3倍罚款处理。 ②部门总监确认本“误餐补贴申请明细表”与申请人实际情况一致，如发现虚报、多报，部门总监受连带3倍罚款处理； ②误餐时间均依据实际门禁进出记录填写，如有虚报愿接受公司处理。 Cam kết tuân thủ: ① Tôi xác nhận khoản phụ cấp tiền ăn đề nghị lần này phù hợp với hành trình công tác thực tế; cùng một bữa ăn không được thanh toán trùng chi phí tiếp khách/không nhận suất ăn do công ty cung cấp/không được bên khác chiêu đãi; nếu khai khống hoặc khai vượt mức, tôi tự nguyện chịu phạt gấp 3 lần theo Điều 5 của “Quy định quản lý chi phí công tác tại Việt Nam”. ② Giám đốc bộ phận xác nhận “Bảng chi tiết đề nghị phụ cấp tiền ăn” này phù hợp với tình hình thực tế của người đề nghị; nếu phát hiện khai khống hoặc khai vượt mức, Giám đốc bộ phận chịu trách nhiệm liên đới và bị phạt gấp 3 lần; ② Thời gian tính phụ cấp tiền ăn đều được điền theo dữ liệu ra vào cổng thực tế; nếu khai báo sai, tôi chấp nhận sự xử lý của công ty.
A23: 申请人签字： Chữ ký người đề nghị: | D23: 日期： Ngày: | F23: 部门总监签字： Chữ ký Giám đốc bộ phận: | I23: 日期： Ngày:
A26: 填写说明：先选「出差类别」→ 再选「出差地点」（自动带出标准金额）→ 明细行填日期与起止时间（自动判定可报餐次）。「是否招待」列：该餐为业务招待时下拉选择对应餐次（可多选），实报自动归零，与误餐补贴互斥。黄色单元格为自动计算，请勿手改。 ⚠️ 误餐规则（2026-08-05征集意见定稿）：①当日已报销"业务招待费-餐费"的餐次或被合作方招待，不再给予对应餐次误餐补贴（"是否招待"列须如实勾选）；②误餐时间须按实际门禁进出记录填写，严禁虚报；财务部审核将抽检门禁记录，虚报按管理办法第6章处理；③当日出差仅报销误餐补贴的，报销时仅需出差审批记录，不需出入打卡证明；④返程过晚直接回家未回公司签退的，以部门总监签字确认为准（本表签字栏）。 Hướng dẫn điền: Trước tiên chọn “Loại công tác” → sau đó chọn “Địa điểm công tác” (mức tiêu chuẩn sẽ tự động hiển thị) → tại từng dòng chi tiết, điền ngày, giờ xuất phát và giờ trở lại (hệ thống tự động xác định bữa ăn được thanh toán). Tại cột “Có được chiêu đãi hay không”, nếu bữa ăn thuộc chi phí tiếp khách thì chọn bữa ăn tương ứng từ danh sách thả xuống (có thể chọn nhiều); số tiền thanh toán thực tế sẽ tự động về 0 và không được hưởng đồng thời với phụ cấp tiền ăn. Các ô màu vàng được tính tự động, vui lòng không chỉnh sửa thủ công. ⚠️ Quy định về phụ cấp tiền ăn (bản hoàn thiện sau khi lấy ý kiến ngày 05/08/2026): ① Bữa ăn trong ngày đã được thanh toán “chi phí tiếp khách - tiền ăn” hoặc do đối tác chiêu đãi sẽ không được hưởng phụ cấp tiền ăn tương ứng (phải đánh dấu trung thực tại cột “Có được chiêu đãi hay không”); ② Thời gian tính phụ cấp phải được điền theo dữ liệu ra vào cổng thực tế, nghiêm cấm khai báo sai; Phòng Tài chính sẽ kiểm tra ngẫu nhiên dữ liệu ra vào cổng, trường hợp khai báo sai sẽ bị xử lý theo Chương 6 của Quy định; ③ Nếu trong ngày công tác chỉ đề nghị thanh toán phụ cấp tiền ăn, khi thanh toán chỉ cần hồ sơ phê duyệt công tác, không cần chứng minh chấm công ra vào; ④ Trường hợp trở về quá muộn, về thẳng nhà và không quay lại công ty chấm công ra về, căn cứ xác nhận có chữ ký của Giám đốc bộ phận (tại phần ký tên trong biểu này).

Sheet 标准与参数
A1: 误餐补贴标准表（数据源，勿改） BẢNG TIÊU CHUẨN PHỤ CẤP TIỀN ĂN (NGUỒN DỮ LIỆU, KHÔNG CHỈNH SỬA) | K1: 城市等级对照（34省级行政单位·差旅分类）※2026-08-06 修订 Bảng đối chiếu cấp đô thị (34 đơn vị hành chính cấp tỉnh · phân loại công tác) ※ Sửa đổi ngày 06/08/2026 | L1: 等级 Cấp | N1: 餐次判定规则参数（可按征集意见调整） Tham số xác định bữa ăn (có thể điều chỉnh theo ý kiến góp ý)
A2: 类别 Phân loại | B2: 匹配键 Khóa đối chiếu | C2: vlookup | D2: 早餐 Bữa sáng | E2: 午餐 Bữa trưa | F2: 晚餐 Bữa tối | G2: 合计 Tổng cộng | H2: 币别 Loại tiền tệ | K2: 城市 Thành phố | L2: 等级 Cấp | N2: 早餐截止时点 Thời điểm chốt bữa sáng | O2: 0.29166667 | P2: 出发时间 ≤ 此时点 → 可报早餐 Giờ xuất phát ≤ thời điểm này → được thanh toán bữa sáng
A3: 市内 Trong khu vực | B3: 同奈仁泽 Nhơn Trạch, Đồng Nai | C3: =LEFT(A3,FIND(CHAR(10),A3&CHAR(10))-1)&LEFT(B3,FIND(CHAR(10),B3&CHAR(10))-1)&CHAR(10)&MID(A3,FIND(CHAR(10),A3&CHAR(10))+1,999)&" - "&MID(B3,FIND(CHAR(10),B3&CHAR(10))+1,999) -> 市内同奈仁泽 Trong khu vực - Nhơn Trạch, Đồng Nai | D3: 40000 | E3: 80000 | F3: 80000 | G3: 200000 | H3: VND | K3: Hà Nội（河内）核心区 | L3: 一类城市 Thành phố loại I | N3: 午餐起始时点 Thời điểm bắt đầu tính bữa trưa | O3: 0.52083333 | P3: 返岗时间 ≥ 此时点 → 可报午餐 Giờ trở lại làm việc ≥ thời điểm này → được thanh toán bữa trưa
A4: 市内 Trong khu vực | B4: 西宁展鹏 Công ty tại Trảng Bàng, Tây Ninh | C4: =LEFT(A4,FIND(CHAR(10),A4&CHAR(10))-1)&LEFT(B4,FIND(CHAR(10),B4&CHAR(10))-1)&CHAR(10)&MID(A4,FIND(CHAR(10),A4&CHAR(10))+1,999)&" - "&MID(B4,FIND(CHAR(10),B4&CHAR(10))+1,999) -> 市内西宁展鹏 Trong khu vực - Công ty tại Trảng Bàng, Tây Ninh | D4: 40000 | E4: 80000 | F4: 80000 | G4: 200000 | H4: VND | K4: TP.HCM（胡志明市）核心区 | L4: 一类城市 Thành phố loại I | N4: 晚餐起始时点 Thời điểm bắt đầu tính bữa tối | O4: 0.72916667 | P4: 返岗时间 ≥ 此时点 → 可报晚餐 Giờ trở lại làm việc ≥ thời điểm này → được thanh toán bữa tối
A5: 国内 Trong nước | B5: 一类城市 Thành phố loại I | C5: =LEFT(A5,FIND(CHAR(10),A5&CHAR(10))-1)&LEFT(B5,FIND(CHAR(10),B5&CHAR(10))-1)&CHAR(10)&MID(A5,FIND(CHAR(10),A5&CHAR(10))+1,999)&" - "&MID(B5,FIND(CHAR(10),B5&CHAR(10))+1,999) -> 国内一类城市 Trong nước - Thành phố loại I | D5: 80000 | E5: 160000 | F5: 160000 | G5: 400000 | H5: VND | K5: Hà Nội（河内）主城区 | L5: 二类城市 Thành phố loại II | N5: 全天往返阈值(小时) Ngưỡng thời gian đi và về trong ngày (giờ) | O5: 12 | P5: 当天往返时长 > 此值 → 三餐全额 Tổng thời gian đi và về trong ngày > giá trị này → được hưởng đủ ba bữa
A6: 国内 Trong nước | B6: 二类城市 Thành phố loại II | C6: =LEFT(A6,FIND(CHAR(10),A6&CHAR(10))-1)&LEFT(B6,FIND(CHAR(10),B6&CHAR(10))-1)&CHAR(10)&MID(A6,FIND(CHAR(10),A6&CHAR(10))+1,999)&" - "&MID(B6,FIND(CHAR(10),B6&CHAR(10))+1,999) -> 国内二类城市 Trong nước - Thành phố loại II | D6: 60000 | E6: 120000 | F6: 120000 | G6: 300000 | H6: VND | K6: TP.HCM（胡志明市）主城区 | L6: 二类城市 Thành phố loại II
A7: 国内 Trong nước | B7: 三类城市 Thành phố loại III | C7: =LEFT(A7,FIND(CHAR(10),A7&CHAR(10))-1)&LEFT(B7,FIND(CHAR(10),B7&CHAR(10))-1)&CHAR(10)&MID(A7,FIND(CHAR(10),A7&CHAR(10))+1,999)&" - "&MID(B7,FIND(CHAR(10),B7&CHAR(10))+1,999) -> 国内三类城市 Trong nước - Thành phố loại III | D7: 40000 | E7: 80000 | F7: 80000 | G7: 200000 | H7: VND | K7: Hải Phòng（海防）主城区 | L7: 二类城市 Thành phố loại II
A8: 国际 Quốc tế | B8: 韩国 Hàn Quốc | C8: =LEFT(A8,FIND(CHAR(10),A8&CHAR(10))-1)&LEFT(B8,FIND(CHAR(10),B8&CHAR(10))-1)&CHAR(10)&MID(A8,FIND(CHAR(10),A8&CHAR(10))+1,999)&" - "&MID(B8,FIND(CHAR(10),B8&CHAR(10))+1,999) -> 国际韩国 Quốc tế - Hàn Quốc | D8: 14 | E8: 28 | F8: 28 | G8: 70 | H8: USD | K8: Hải Dương（海阳） | L8: 二类城市 Thành phố loại II
A9: 国际 Quốc tế | B9: 日本 Nhật Bản | C9: =LEFT(A9,FIND(CHAR(10),A9&CHAR(10))-1)&LEFT(B9,FIND(CHAR(10),B9&CHAR(10))-1)&CHAR(10)&MID(A9,FIND(CHAR(10),A9&CHAR(10))+1,999)&" - "&MID(B9,FIND(CHAR(10),B9&CHAR(10))+1,999) -> 国际日本 Quốc tế - Nhật Bản | D9: 14 | E9: 28 | F9: 28 | G9: 70 | H9: USD | K9: Đà Nẵng（岘港）主城区 | L9: 二类城市 Thành phố loại II
A10: 国际 Quốc tế | B10: 新加坡 Singapore | C10: =LEFT(A10,FIND(CHAR(10),A10&CHAR(10))-1)&LEFT(B10,FIND(CHAR(10),B10&CHAR(10))-1)&CHAR(10)&MID(A10,FIND(CHAR(10),A10&CHAR(10))+1,999)&" - "&MID(B10,FIND(CHAR(10),B10&CHAR(10))+1,999) -> 国际新加坡 Quốc tế - Singapore | D10: 14 | E10: 28 | F10: 28 | G10: 70 | H10: USD | K10: Tam Kỳ（三岐·广南） | L10: 二类城市 Thành phố loại II
A11: 国际 Quốc tế | B11: 卡塔尔 Qatar | C11: =LEFT(A11,FIND(CHAR(10),A11&CHAR(10))-1)&LEFT(B11,FIND(CHAR(10),B11&CHAR(10))-1)&CHAR(10)&MID(A11,FIND(CHAR(10),A11&CHAR(10))+1,999)&" - "&MID(B11,FIND(CHAR(10),B11&CHAR(10))+1,999) -> 国际卡塔尔 Quốc tế - Qatar | D11: 12 | E11: 24 | F11: 24 | G11: 60 | H11: USD | K11: Hội An（会安·广南） | L11: 二类城市 Thành phố loại II
A12: 国际 Quốc tế | B12: 伊拉克 Iraq | C12: =LEFT(A12,FIND(CHAR(10),A12&CHAR(10))-1)&LEFT(B12,FIND(CHAR(10),B12&CHAR(10))-1)&CHAR(10)&MID(A12,FIND(CHAR(10),A12&CHAR(10))+1,999)&" - "&MID(B12,FIND(CHAR(10),B12&CHAR(10))+1,999) -> 国际伊拉克 Quốc tế - Iraq | D12: 12 | E12: 24 | F12: 24 | G12: 60 | H12: USD | K12: Huế（顺化）主城区 | L12: 二类城市 Thành phố loại II
A13: 国际 Quốc tế | B13: 科威特 Kuwait | C13: =LEFT(A13,FIND(CHAR(10),A13&CHAR(10))-1)&LEFT(B13,FIND(CHAR(10),B13&CHAR(10))-1)&CHAR(10)&MID(A13,FIND(CHAR(10),A13&CHAR(10))+1,999)&" - "&MID(B13,FIND(CHAR(10),B13&CHAR(10))+1,999) -> 国际科威特 Quốc tế - Kuwait | D13: 12 | E13: 24 | F13: 24 | G13: 60 | H13: USD | K13: Cần Thơ（芹苴）主城区 | L13: 二类城市 Thành phố loại II
A14: 国际 Quốc tế | B14: 阿联酋 Các Tiểu vương quốc Ả Rập Thống nhất | C14: =LEFT(A14,FIND(CHAR(10),A14&CHAR(10))-1)&LEFT(B14,FIND(CHAR(10),B14&CHAR(10))-1)&CHAR(10)&MID(A14,FIND(CHAR(10),A14&CHAR(10))+1,999)&" - "&MID(B14,FIND(CHAR(10),B14&CHAR(10))+1,999) -> 国际阿联酋 Quốc tế - Các Tiểu vương quốc Ả Rập Thống nhất | D14: 12 | E14: 24 | F14: 24 | G14: 60 | H14: USD | K14: Biên Hòa（边和·同奈市） | L14: 二类城市 Thành phố loại II
A15: 国际 Quốc tế | B15: 也门 Yemen | C15: =LEFT(A15,FIND(CHAR(10),A15&CHAR(10))-1)&LEFT(B15,FIND(CHAR(10),B15&CHAR(10))-1)&CHAR(10)&MID(A15,FIND(CHAR(10),A15&CHAR(10))+1,999)&" - "&MID(B15,FIND(CHAR(10),B15&CHAR(10))+1,999) -> 国际也门 Quốc tế - Yemen | D15: 12 | E15: 24 | F15: 24 | G15: 60 | H15: USD | K15: Long Xuyên（龙川·安江） | L15: 二类城市 Thành phố loại II
A16: 国际 Quốc tế | B16: 阿曼 Oman | C16: =LEFT(A16,FIND(CHAR(10),A16&CHAR(10))-1)&LEFT(B16,FIND(CHAR(10),B16&CHAR(10))-1)&CHAR(10)&MID(A16,FIND(CHAR(10),A16&CHAR(10))+1,999)&" - "&MID(B16,FIND(CHAR(10),B16&CHAR(10))+1,999) -> 国际阿曼 Quốc tế - Oman | D16: 12 | E16: 24 | F16: 24 | G16: 60 | H16: USD | K16: Rạch Giá（迪石·安江） | L16: 二类城市 Thành phố loại II
A17: 国际 Quốc tế | B17: 沙特阿拉伯 Ả Rập Xê Út | C17: =LEFT(A17,FIND(CHAR(10),A17&CHAR(10))-1)&LEFT(B17,FIND(CHAR(10),B17&CHAR(10))-1)&CHAR(10)&MID(A17,FIND(CHAR(10),A17&CHAR(10))+1,999)&" - "&MID(B17,FIND(CHAR(10),B17&CHAR(10))+1,999) -> 国际沙特阿拉伯 Quốc tế - Ả Rập Xê Út | D17: 12 | E17: 24 | F17: 24 | G17: 60 | H17: USD | K17: Bắc Ninh（北宁） | L17: 二类城市 Thành phố loại II
... A51: 国际 Quốc tế | B51: 其他大洋洲国家 Các quốc gia châu Đại Dương khác | C51: =LEFT(A51,FIND(CHAR(10),A51&CHAR(10))-1)&LEFT(B51,FIND(CHAR(10),B51&CHAR(10))-1)&CHAR(10)&MID(A51,FIND(CHAR(10),A51&CHAR(10))+1,999)&" - "&MID(B51,FIND(CHAR(10),B51&CHAR(10))+1,999) -> 国际其他大洋洲国家 Quốc tế - Các quốc gia châu Đại Dương khác | D51: 12 | E51: 24 | F51: 24 | G51: 60 | H51: USD | K51: Tuyên Quang（宣光） | L51: 三类城市 Thành phố loại III
K52: 其他区域（各省非省城/直辖市郊县等） Khu vực khác (các khu vực không phải tỉnh lỵ/ngoại thành thành phố trực thuộc trung ương, v.v.) | L52: 三类城市 Thành phố loại III
